,alcohol,density
0,10.3,0.99534
1,12.9,0.9907100000000001
2,9.6,0.9929
3,10.6,0.9933
4,12.6,0.9894200000000001
5,11.5,0.9906
6,9.3,0.9994299999999999
7,11.4,0.99182
8,10.0,0.992
9,9.0,0.99808
10,10.8,0.9925
11,9.7,0.99298
12,8.9,0.99976
13,11.7,0.9908799999999999
14,12.1,0.99144
15,11.3,0.9904
16,9.1,0.9994700000000001
17,10.7,0.9917600000000001
18,13.1,0.9897
19,12.3,0.992
20,8.8,0.99975
21,10.3,0.996
22,9.1,0.99824
23,11.1,0.9923
24,12.8,0.99636
25,11.8,0.9903299999999999
26,10.6,0.9959
27,9.2,0.9958
28,11.9,0.992
29,9.1,0.9998
30,10.1,0.9927
31,9.2,0.99666
32,11.4,0.9917
33,10.0,0.9956799999999999
34,12.7,0.9904
35,8.8,0.9963
36,9.1,0.9932
37,9.4,0.9959399999999999
38,9.6,0.9966200000000001
39,10.9,0.9938
40,8.7,0.99825
41,9.4,0.9962799999999999
42,10.0,0.99574
43,9.9,0.9953
44,9.3,0.9962
45,9.0,0.9984799999999999
46,10.5,0.9933
47,12.5,0.9905799999999999
48,11.7,0.9914
49,9.3,0.9987299999999999
50,9.1,0.998
51,9.2,0.9982200000000001
52,13.5,0.99079
53,10.0,0.9922
54,9.2,0.9934
55,10.9,0.9929
56,10.0,0.9922
57,9.6,0.9965
58,9.0,0.99713
59,10.0,0.99535
60,9.5,0.9942
61,8.8,0.9987
62,9.6,0.99545
63,10.8,0.9954
64,10.0,0.99265
65,9.1,0.9968
66,8.8,0.9961
67,10.2,0.9936
68,10.0,0.99316
69,8.8,0.99918
70,10.0,0.9937
71,9.2,0.9982
72,9.1,0.9987
73,9.7,0.9931
74,10.3,0.9967799999999999
75,10.7,0.99272
76,10.5,0.993
77,10.0,0.9954
78,9.5,0.9956
79,9.2,0.9971
80,9.4,0.99705
81,12.3,0.9903
82,11.5,0.99335
83,8.9,0.9958
84,8.6,0.9999
85,10.0,0.9948
86,9.5,0.9966
87,10.0,0.99726
88,11.1,0.9907600000000001
89,12.8,0.9890200000000001
90,11.4,0.9917
91,11.4,0.9917600000000001
92,9.5,0.9925
93,11.0,0.99287
94,10.1,0.9925
95,10.9,0.9951
96,11.1,0.99072
97,9.6,0.9948
98,8.9,0.9977
99,10.7,0.9938
100,9.0,0.9956
101,10.5,0.9950200000000001
102,8.7,0.9982
103,9.4,0.9986
104,11.05,0.9956
105,11.0,0.9940000000000001
106,10.4,0.9945
107,9.2,0.99736
108,8.8,1.0011
109,9.2,0.9964
110,10.5,0.99444
111,10.0,0.9938
112,9.6,0.9930899999999999
113,10.0,0.9944
114,11.4,0.9957
115,10.7,0.9915799999999999
116,12.7,0.99174
117,10.5,0.9949600000000001
118,10.4,0.9923
119,11.6,0.9913200000000001
120,9.5,0.9990700000000001
121,8.7,1.0001
122,11.4,0.99182
123,9.8,0.99382
124,9.8,0.992
125,9.8,0.9927
126,11.4,0.9917
127,11.0,0.992
128,9.4,0.9961
129,8.7,0.9976
130,10.3,0.9953799999999999
131,12.0,0.98956
132,9.5,0.9927
133,8.8,0.99975
134,12.89333333,0.9901
135,8.8,0.99808
136,9.0,0.99792
137,10.15,0.9936200000000001
138,13.6,0.98872
139,8.8,0.9984
140,12.4,0.98918
141,8.8,0.998
142,10.2,0.9974
143,9.6,0.9948799999999999
144,8.7,0.9981
145,11.2,0.9918
146,10.5,0.9938
147,12.2,0.9918
148,13.0,0.99408
149,8.0,0.9933200000000001
150,9.0,0.99792
151,9.4,0.9946
152,10.9,0.9926
153,10.4,0.9944
154,13.3,0.98936
155,9.4,0.99584
156,9.5,0.9955
157,8.6,1.0001
158,10.0,0.9964
159,10.9,0.9913
160,10.7,0.9962
161,11.4,0.99305
162,9.6,0.9928
163,11.4,0.9921
164,9.4,0.9962200000000001
165,9.9,0.99425
166,12.3,0.99166
167,10.3,0.9969
168,12.6,0.9917
169,10.2,0.9934
170,10.5,0.9918
171,10.0,0.99726
172,10.2,0.9943200000000001
173,8.8,0.99924
174,9.2,0.9967
175,9.5,0.99684
176,10.7,0.9918399999999999
177,9.7,0.9981
178,9.5,0.99366
179,11.6,0.998
180,11.3,0.9916
181,14.2,0.98779
182,9.1,1.0002
183,9.5,0.996
184,9.3,0.9938
185,9.4,0.9953700000000001
186,8.8,0.9934700000000001
187,9.5,0.9952
188,12.4,0.99
189,10.0,0.993
190,12.5,0.9898
191,9.5,0.9982
192,9.7,1.0002
193,9.5,0.99718
194,8.6,0.9977
195,8.7,0.9984
196,12.0,0.9915200000000001
197,11.6,0.9922
198,10.4,0.99454
199,10.8,0.9905
200,13.7,0.9907
201,9.4,0.9963
202,9.7,0.9979399999999999
203,11.4,0.9931
204,8.7,0.9946799999999999
205,8.8,1.0
206,9.2,0.9997
207,8.8,0.9976
208,9.0,0.9945799999999999
209,9.2,0.9956
210,10.7,0.9948100000000001
211,11.3,0.99135
212,9.0,0.9965
213,8.8,0.9961
214,11.0,0.99066
215,12.3,0.9904299999999999
216,11.4,0.99166
217,11.3,0.99121
218,9.6,0.9998
219,9.1,0.9994700000000001
220,12.8,0.9911
221,12.1,0.99066
222,9.8,0.9942799999999999
223,10.8,0.9929899999999999
224,11.3,0.9906
225,12.7,0.9889
226,8.9,0.9982
227,9.3,0.99545
228,9.9,0.9972
229,11.8,0.98966
230,11.9,0.9904299999999999
231,12.0,0.9935
232,9.5,0.9965700000000001
233,8.7,0.9976
234,13.0,0.99056
235,9.5,0.99459
236,9.9,0.9937
237,10.5,0.998275
238,10.0,0.9941
239,11.2,0.99126
240,12.9,0.9891399999999999
241,9.1,0.99792
242,11.5,0.9928
243,9.1,0.99654
244,8.8,0.9991
245,12.2,0.9952
246,9.2,0.99805
247,9.2,0.9990399999999999
248,11.5,0.9911399999999999
249,9.4,0.9992200000000001
250,13.0,0.9888600000000001
251,11.5,0.9924
252,11.3,0.9909600000000001
253,9.7,0.9996
254,10.5,0.99192
255,8.8,1.0
256,11.9,0.99
257,12.0,0.9895299999999999
258,11.4,0.9931
259,9.0,0.99772
260,9.2,0.9960399999999999
261,12.3,0.9912
262,12.0,0.99019
263,9.3,0.9974799999999999
264,9.3,0.9998
265,9.5,0.9938799999999999
266,9.5,0.9990700000000001
267,9.2,0.9958
268,9.1,0.99571
269,9.9,0.9940000000000001
270,9.0,0.9962
271,9.3,0.9927
272,10.5,0.993
273,9.5,0.9962
274,9.3,0.9984
275,10.7,0.9914200000000001
276,11.0,0.99111
277,10.2,0.998
278,10.7,0.9951
279,10.7,0.9917799999999999
280,10.8,0.9940200000000001
281,8.7,0.9984
282,10.8,0.99216
283,10.7,0.99346
284,12.3,0.98987
285,9.5,0.9940000000000001
286,9.3,0.996
287,10.2,0.9943200000000001
288,11.3,0.9908899999999999
289,10.0,0.9931
290,12.8,0.98944
291,10.3,0.99293
292,9.3,0.9972700000000001
293,10.6,0.9940000000000001
294,10.0,0.9952
295,10.1,0.99555
296,12.2,0.9904
297,10.6,0.9927
298,8.7,0.99354
299,10.8,0.9916
300,9.1,0.9986
301,9.0,0.9959
302,11.5,0.9908399999999999
303,9.4,0.9989
304,12.4,0.9903700000000001
305,10.6,0.9951
306,12.3,0.99031
307,10.1,0.99224
308,10.6,0.9916
309,9.0,0.9978
310,9.9,0.99498
311,13.6,0.9874200000000001
312,9.2,0.99572
313,12.6,0.9925
314,9.6,0.9942
315,10.5,0.99382
316,10.4,0.9926
317,9.3,0.9965700000000001
318,9.3,0.9979399999999999
319,8.6,0.9978
320,9.0,0.9973
321,11.5,0.9916
322,9.0,0.9973200000000001
323,9.1,0.9986
324,9.8,0.9942
325,11.0,0.9929600000000001
326,11.7,0.99064
327,9.8,0.9938
328,10.9,0.9914
329,10.2,0.9939
330,9.5,0.9956
331,9.1,0.99336
332,8.9,0.9986
333,9.2,0.99318
334,12.6,0.99
335,12.4,0.99026
336,8.7,0.9982
337,9.0,0.99808
338,9.4,0.9944
339,12.6,0.9893
340,10.4,0.9918
341,9.5,0.99434
342,10.5,0.9918
343,9.8,0.9945
344,9.0,0.99792
345,9.4,0.9981
346,9.2,0.9933
347,9.2,0.99477
348,9.0,0.9977799999999999
349,9.2,0.99736
350,12.5,0.9902700000000001
351,9.5,0.997
352,9.2,0.9960399999999999
353,9.6,0.9954
354,9.3,0.9958299999999999
355,9.4,0.9977
356,9.6,0.9969600000000001
357,9.1,0.9987
358,10.8,0.99482
359,10.4,0.9946
360,12.9,0.98836
361,10.9,0.9905
362,9.4,0.9973799999999999
363,13.3,0.9918
364,10.8,0.9944
365,11.6,0.992
366,11.9,0.9936
367,10.4,0.99316
368,11.8,0.9913
369,11.3,0.9911
370,9.5,0.9958
371,10.9,0.99567
372,10.1,0.9977299999999999
373,11.0,0.9924799999999999
374,10.5,0.9924
375,8.9,0.9975
376,9.4,0.9956
377,9.6,0.997
378,10.0,0.9941
379,11.5,0.9903799999999999
380,10.8,0.9929899999999999
381,9.5,0.9952
382,10.6,0.9917799999999999
383,9.4,0.9946
384,9.5,0.9956
385,9.4,0.9959
386,10.0,0.992
387,9.0,0.9962
388,13.9,0.9894
389,9.2,0.9972
390,8.6,1.0001
391,9.3,0.9979399999999999
392,12.0,0.9916
393,9.4,0.9984799999999999
394,9.3,0.99944
395,8.8,0.9941399999999999
396,11.0,0.99287
397,9.9,0.9938
398,9.9,0.99403
399,9.0,0.99792
400,9.4,0.9966
401,9.3,0.99482
402,13.5,0.98934
403,9.0,0.9966
404,9.3,0.9983
405,9.8,0.9943799999999999
406,9.4,0.99577
407,10.2,0.99751
408,12.33333333,0.99
409,8.9,0.99902
410,12.0,0.9953
411,13.0,0.99026
412,10.7,0.992
413,12.1,0.9925799999999999
414,9.5,0.9968
415,9.0,0.9929
416,9.5,0.9955799999999999
417,9.4,0.9957799999999999
418,12.2,0.99235
419,8.7,0.9974
420,9.4,0.9965
421,12.6,0.9903
422,11.7,0.9942
423,8.9,0.99745
424,9.5,0.9954799999999999
425,11.0,0.9908
426,9.4,0.9966
427,12.7,0.9906
428,9.5,0.99474
429,9.1,0.99571
430,9.8,0.9948
431,11.4,0.99044
432,8.8,0.9974200000000001
433,11.3,0.9908
434,10.5,0.99195
435,9.4,0.9962799999999999
436,9.4,0.9968100000000001
437,12.4,0.98962
438,9.4,0.9944
439,9.3,0.9932
440,13.4,0.9887600000000001
441,9.5,0.9953799999999999
442,10.5,0.9933
443,9.0,0.9955
444,9.2,0.9934
445,12.6,0.98949
446,8.7,0.9981
447,9.5,0.9936
448,8.7,1.00044
449,10.8,0.9939
450,10.9,0.995
451,13.7,0.98906
452,13.5,0.98936
453,9.7,0.9958
454,11.3,0.9917
455,11.3,0.99146
456,9.3,0.9983
457,9.2,0.9988
458,8.8,0.99924
459,9.3,0.9981
460,11.0,0.9914
461,8.8,0.9976
462,10.9,0.99469
463,9.1,0.9962
464,9.3,1.0
465,9.8,0.9969899999999999
466,10.8,0.9965
467,9.1,0.99692
468,10.8,0.99479
469,8.8,0.99955
470,9.0,0.99865
471,8.9,0.99802
472,9.6,0.9966
473,10.1,0.9978
474,12.0,0.99006
475,11.0,0.9917799999999999
476,9.7,1.0002
477,9.1,0.99834
478,12.2,0.99067
479,8.8,0.9967
480,9.5,0.9953799999999999
481,11.6,0.9912
482,9.7,0.99898
483,9.0,0.9962
484,11.2,0.9910399999999999
485,11.9,0.9929
486,9.1,0.9965
487,10.1,0.9977299999999999
488,12.6,0.992
489,9.5,0.99466
490,10.4,0.992
491,9.8,0.9936
492,10.1,0.9957
493,10.4,0.9928
494,9.8,0.9969899999999999
495,8.8,0.9964
496,9.5,0.9955
497,11.6,0.9898100000000001
498,11.8,0.99108
499,10.2,0.9931
500,9.5,0.9968
501,9.8,0.9972
502,9.5,0.9968
503,9.9,0.995
504,11.5,0.9903799999999999
505,12.3,0.9908
506,9.5,0.9977
507,9.3,0.9934
508,10.8,0.9922799999999999
509,9.6,0.9944
510,9.5,0.99692
511,10.9,0.991
512,9.2,0.9999
513,9.0,0.9959
514,11.6,0.99164
515,8.9,0.99976
516,9.6,0.9951399999999999
517,9.1,0.9986
518,9.4,0.9954
519,10.6,0.9957600000000001
520,13.1,0.9896299999999999
521,10.0,0.9935
522,8.5,1.00196
523,11.9,0.99064
524,12.6,0.9903
525,9.3,0.9966
526,8.7,1.0
527,9.4,0.9956200000000001
528,11.0,0.9947
529,10.0,0.9938299999999999
530,9.8,0.9936
531,12.0,0.9907600000000001
532,8.9,0.9961
533,9.7,0.99756
534,11.7,0.9910399999999999
535,10.5,0.99254
536,10.9,0.9917600000000001
537,9.0,0.99971
538,10.3,0.9955
539,8.4,0.99429
540,11.3,0.9905799999999999
541,9.1,0.9958
542,9.0,0.9975799999999999
543,10.6,0.9958
544,14.05,0.9909
545,10.9,0.993
546,9.1,0.9953
547,10.5,0.9962
548,10.6,0.9968
549,12.0,0.9921200000000001
550,9.5,0.9936
551,9.7,0.998
552,8.7,0.9998
553,12.7,0.9906
554,9.7,0.9949600000000001
555,10.6,0.9946
556,12.1,0.99111
557,12.2,0.9896
558,8.7,0.9975
559,10.0,0.9937
560,8.6,0.9966
561,10.2,0.9926
562,9.3,0.9968
563,10.5,0.9938299999999999
564,10.7,0.992
565,11.0,0.9916
566,9.0,0.9967
567,10.9,0.9924
568,10.5,0.993
569,9.2,0.9971
570,12.2,0.99031
571,9.5,0.99536
572,10.7,0.9936
573,10.9,0.99469
574,9.0,0.9929
575,10.6,0.9948
576,9.2,0.99805
577,9.5,0.9983
578,10.0,0.9940000000000001
579,11.1,0.98936
580,9.4,0.9957600000000001
581,9.5,0.9932
582,11.2,0.9943
583,11.4,0.9923
584,10.6,0.9936200000000001
585,10.9,0.9905
586,9.4,0.99475
587,11.1,0.9917799999999999
588,12.8,0.98869
589,8.6,0.99936
590,10.5,0.99154
591,9.4,0.9961
592,9.4,0.9984
593,9.4,0.9989899999999999
594,9.7,0.9921200000000001
595,8.7,1.001
596,10.5,0.99198
597,10.4,0.9970600000000001
598,10.6,0.9945
599,10.8,0.992
600,9.2,0.99771
601,11.4,0.993
602,12.7,0.9895200000000001
603,12.8,0.9896
604,9.2,0.9952799999999999
605,10.2,0.9919600000000001
606,13.2,0.9906200000000001
607,12.5,0.992
608,9.2,0.9933
609,9.7,0.99485
610,12.0,0.9887
611,9.4,0.9966
612,9.6,0.99587
613,8.7,0.99839
614,11.4,0.992
615,10.3,0.9937799999999999
616,10.3,0.9920700000000001
617,9.1,0.9986
618,9.4,0.9951200000000001
619,12.8,0.98915
620,9.8,0.9932
621,11.4,0.9936
622,10.5,0.9954
623,9.1,0.9934
624,8.7,0.99825
625,8.5,0.99398
626,9.5,0.9927
627,8.7,0.9998
628,9.6,0.9998
629,12.15,0.9916799999999999
630,11.2,0.9932
631,13.0,0.99018
632,9.8,0.9943799999999999
633,9.5,0.9924
634,9.8,0.9969899999999999
635,9.4,0.9940000000000001
636,9.3,0.9965700000000001
637,9.1,0.9964
638,9.8,0.9953
639,11.0,0.9938
640,9.8,0.9949
641,10.8,0.9922
642,9.1,0.9975
643,11.0,0.9962
644,10.3,0.993
645,11.5,0.991
646,9.9,0.9936
647,9.2,0.9980399999999999
648,11.1,0.9963
649,12.6,0.9914799999999999
650,12.0,0.9906
651,8.9,0.9983
652,10.0,0.9924299999999999
653,12.0,0.9898600000000001
654,9.3,0.9945
655,9.6,0.99308
656,11.0,0.9929899999999999
657,8.8,0.998
658,13.7,0.98913
659,10.5,0.9943
660,10.2,0.9962
661,11.6,0.9932
662,9.5,0.9951
663,10.1,0.9966
664,12.6,0.9899
665,12.6,0.99061
666,11.4,0.9912
667,11.2,0.99174
668,11.5,0.99165
669,8.8,0.9978
670,11.0,0.9932200000000001
671,11.6,0.9913
672,9.5,0.997
673,9.4,0.9962
674,9.1,0.9998
675,8.9,0.9978
676,12.8,0.9902
677,11.2,0.99644
678,11.2,0.9924
679,9.0,0.9949
680,10.0,0.992
681,9.0,1.0007
682,10.0,0.9928799999999999
683,9.0,0.9957
684,9.4,0.9956
685,9.2,0.9931700000000001
686,10.2,0.9946
687,10.4,0.99608
688,12.8,0.9938100000000001
689,10.3,0.9961
690,9.2,0.9936
691,9.6,0.9952
692,9.5,0.9923799999999999
693,11.3,0.99072
694,10.2,0.9934
695,10.7,0.99215
696,10.1,0.9921
697,8.8,0.99754
698,9.2,0.9958
699,9.6,0.9976
700,12.7,0.9895200000000001
701,10.2,0.9939
702,12.0,0.9898399999999999
703,9.1,0.9943
704,9.4,0.99582
705,9.0,0.99954
706,10.9,0.9959
707,10.2,0.9926
708,8.7,0.9975
709,12.9,0.98936
710,9.1,0.9998
711,12.1,0.99
712,9.5,0.9958
713,10.3,0.9927
714,9.5,0.9942700000000001
715,10.0,0.996
716,9.5,0.9956
717,9.2,0.9991
718,9.3,0.99424
719,10.3,0.9924200000000001
720,10.0,0.99445
721,9.2,0.9964
722,9.6,0.9948
723,12.4,0.9897
724,9.5,0.9934
725,10.46666667,0.9921200000000001
726,10.4,0.9923
727,9.6,0.9949
728,10.8,0.99198
729,11.85,0.99331
730,9.9,0.9934
731,11.8,0.99426
732,10.9,0.99406
733,12.0,0.9953
734,9.9,0.99287
735,10.0,0.99382
736,11.9,0.9903
737,9.6,0.9992
738,9.1,0.9986
739,9.8,0.9990000000000001
740,12.0,0.9908
741,12.1,0.9901
742,9.2,0.9952799999999999
743,9.3,0.9972
744,10.6,0.9931
745,9.9,0.9944
746,9.3,0.99469
747,11.8,0.9918
748,9.2,0.9982
749,9.5,0.99274
750,12.2,0.9933799999999999
751,9.2,0.9984
752,11.4,0.9939
753,9.1,0.9988
754,10.1,0.9978
755,10.6,0.9926
756,9.6,0.9955299999999999
757,10.3,0.9968799999999999
758,10.5,0.9922
759,12.0,0.9932
760,8.7,0.9980600000000001
761,12.5,0.9893
762,13.0,0.99
763,9.9,0.9928600000000001
764,12.2,0.9907600000000001
765,12.1,0.9891
766,10.0,0.9931
767,12.8,0.9912
768,12.8,0.99015
769,12.4,0.9918
770,10.2,0.99393
771,10.9,0.9959
772,10.3,0.99677
773,9.0,0.9959100000000001
774,9.8,0.99164
775,10.0,0.9924
776,9.4,0.997
777,10.0,0.9931399999999999
778,10.65,0.9909399999999999
779,10.8,0.99526
780,10.4,0.99455
781,10.7,0.99565
782,10.9,0.9924
783,10.98,0.9943299999999999
784,8.7,0.9976
785,10.9,0.9917600000000001
786,9.0,0.99772
787,12.8,0.9911
788,11.5,0.9918
789,10.6,0.9911399999999999
790,12.4,0.9893
791,12.4,0.9898
792,9.1,0.9932
793,11.3,0.9902
794,9.1,0.9983
795,9.5,0.9956
796,13.6,0.9874200000000001
797,11.5,0.99335
798,9.3,0.9928799999999999
799,12.7,0.99036
800,9.0,0.9986
801,11.5,0.9922
802,13.1,0.9892200000000001
803,10.0,0.99471
804,12.6,0.9898
805,12.0,0.991
806,9.1,0.99954
807,11.7,0.9903799999999999
808,10.0,0.9956799999999999
809,11.4,0.9936
810,11.9,0.9905700000000001
811,9.7,0.99382
812,9.4,0.99519
813,11.3,0.99121
814,12.2,0.98924
815,8.8,1.001
816,9.7,0.99756
817,9.1,0.9986
818,10.2,0.99166
819,9.3,0.9960100000000001
820,9.0,0.9981
821,12.0,0.9905200000000001
822,10.6,0.9938
823,12.5,0.9914
824,10.6,0.9967799999999999
825,12.0,0.9924
826,8.7,0.9965
827,10.0,0.9934
828,9.3,0.99545
829,10.3,0.9967799999999999
830,10.6,0.9926
831,10.4,0.9921200000000001
832,12.9,0.99172
833,9.7,0.9955
834,9.0,0.99792
835,12.1,0.991
836,10.8,0.9940200000000001
837,12.0,0.9948
838,8.8,0.9988
839,9.0,0.9955
840,11.5,0.9928
841,9.4,0.9966
842,10.8,0.993
843,10.9,0.99221
844,13.0,0.9902
845,10.8,0.9935
846,9.2,0.9946
847,9.0,0.99564
848,10.7,0.9917
849,10.0,0.99434
850,12.1,0.9902200000000001
851,11.3,0.99356
852,9.4,0.9953
853,11.2,0.99026
854,13.5,0.9889399999999999
855,11.5,0.9933
856,11.5,0.9911200000000001
857,11.95,0.99318
858,8.7,1.00013
859,12.2,0.9903200000000001
860,9.0,0.9977299999999999
861,9.8,0.9984
862,12.9,0.9907
863,10.6,0.99397
864,10.8,0.9923
865,9.733333333,0.9936200000000001
866,10.4,0.9931
867,9.3,0.9988
868,9.9,0.9935200000000001
869,11.0,0.99455
870,10.5,0.99236
871,11.9,0.9906
872,12.0,0.9899899999999999
873,9.0,0.9976
874,10.1,0.9936
875,9.0,0.99839
876,11.1,0.9917299999999999
877,12.4,0.9902
878,9.2,0.9960399999999999
879,9.2,0.99771
880,9.4,0.9976
881,9.2,0.9991
882,8.8,0.99924
883,11.26666667,0.9916
884,9.9,0.9953
885,11.5,0.9911200000000001
886,8.6,0.99884
887,12.8,0.9891200000000001
888,9.1,0.9957600000000001
889,11.5,0.9915299999999999
890,9.7,0.9947
891,10.2,0.9940000000000001
892,8.9,0.9996
893,9.0,0.9979
894,11.8,0.991
895,10.4,0.9975799999999999
896,12.0,0.9912
897,11.9,0.9908
898,8.8,0.9967
899,12.6,0.99
900,10.5,0.99511
901,9.3,0.9988
902,9.8,0.9944
903,9.5,0.9953
904,12.7,0.9895
905,10.3,0.99787
906,10.8,0.99226
907,10.4,0.9934
908,9.0,0.9961
909,10.9,0.99225
910,11.0,0.992
911,12.0,0.9944
912,9.7,0.9955
913,9.0,0.9959
914,9.6,0.9998
915,10.1,0.99266
916,14.0,0.98746
917,12.7,0.9911
918,9.5,0.99336
919,9.1,0.9964
920,9.1,0.9964200000000001
921,10.1,0.9913799999999999
922,10.8,0.9922
923,9.3,0.9939600000000001
924,12.0,0.9926
925,9.5,0.9956
926,10.7,0.9917799999999999
927,9.8,0.99434
928,11.4,0.9905299999999999
929,11.6,0.99306
930,12.0,0.9918399999999999
931,9.2,0.9936
932,10.5,0.9922
933,10.2,0.9955
934,9.4,0.9951200000000001
935,9.6,0.9954
936,10.13333333,0.99365
937,9.5,0.9935
938,10.1,0.9953700000000001
939,12.9,0.9918799999999999
940,9.8,0.99164
941,10.1,0.99249
942,11.4,0.9903
943,9.7,0.9958
944,9.2,0.9951200000000001
945,10.9,0.99406
946,8.8,0.998
947,10.53333333,0.99313
948,9.8,0.9953200000000001
949,9.9,0.99425
950,10.2,0.99166
951,11.4,0.9904799999999999
952,8.8,0.9969899999999999
953,9.5,0.9962
954,12.5,0.9895200000000001
955,11.4,0.99069
956,10.4,0.99454
957,9.5,0.99718
958,11.1,0.9909100000000001
959,10.5,0.9944
960,9.3,0.99534
961,9.4,0.9969
962,10.8,0.9906
963,10.2,0.9928899999999999
964,9.6,0.9982
965,9.5,0.9977600000000001
966,9.3,0.9982
967,9.0,0.9974
968,12.6,0.99165
969,13.4,0.99146
970,12.7,0.9909600000000001
971,10.7,0.9948
972,12.8,0.98939
973,10.1,0.9942
974,9.2,0.9972
975,11.9,0.98939
976,13.9,0.98936
977,11.1,0.9907600000000001
978,9.6,0.9950200000000001
979,10.0,0.99725
980,9.6,0.9965
981,12.2,0.9893
982,9.0,0.998
983,9.2,0.9971
984,11.7,0.9912
985,9.3,0.9982
986,9.6,0.9953700000000001
987,11.9,0.9903
988,8.9,1.0
989,12.8,0.98867
990,9.1,0.9989
991,10.6,0.9928
992,11.9,0.9907600000000001
993,8.7,0.99825
994,9.3,0.99413
995,9.3,0.9982
996,9.2,0.9982200000000001
997,10.2,0.9939
998,11.2,0.9911399999999999
999,8.9,0.9976
1000,9.8,0.9932799999999999
1001,9.0,0.99808
1002,10.4,0.99734
1003,9.7,0.9946
1004,9.8,0.9939
1005,11.8,0.99075
1006,10.6,0.9936799999999999
1007,10.0,0.9942
1008,10.8,0.991
1009,11.3,0.9916
1010,9.4,0.99471
1011,11.2,0.9924
1012,12.2,0.99067
1013,9.8,0.9942
1014,9.4,0.99445
1015,9.4,0.9955799999999999
1016,9.1,0.9975
1017,11.0,0.9918
1018,12.4,0.9912
1019,12.9,0.9913
1020,12.2,0.99
1021,9.2,0.99587
1022,9.2,0.9937
1023,9.8,0.9942799999999999
1024,9.7,0.9958
1025,10.2,0.9926
1026,9.4,0.99835
1027,10.4,0.9927
1028,11.1,0.9934
1029,9.6,0.9955
1030,11.5,0.9937
1031,9.5,0.996
1032,9.4,0.9955799999999999
1033,11.2,0.9924200000000001
1034,9.8,0.99215
1035,11.1,0.99244
1036,9.3,0.9930399999999999
1037,10.4,0.9920200000000001
1038,9.2,0.9982
1039,11.5,0.9917
1040,9.6,0.99965
1041,9.6,0.993
1042,9.4,0.9992200000000001
1043,9.2,0.9968
1044,13.1,0.98774
1045,10.7,0.9936200000000001
1046,9.0,0.99911
1047,9.4,0.9976
1048,11.0,0.9917799999999999
1049,12.1,0.9918600000000001
1050,11.0,0.9908899999999999
1051,9.0,0.9984799999999999
1052,12.0,0.9909
1053,8.6,0.9999
1054,11.3,0.9948
1055,11.4,0.98988
1056,9.5,0.99561
1057,9.8,0.9935
1058,9.5,0.9965700000000001
1059,11.4,0.9900100000000001
1060,10.4,0.9948899999999999
1061,12.7,0.99
1062,10.2,0.9935799999999999
1063,10.5,0.9924
1064,12.5,0.9918
1065,11.3,0.9919
1066,9.7,0.9946
1067,9.4,0.9971399999999999
1068,8.7,0.9984
1069,10.0,0.9936200000000001
1070,9.1,0.9945
1071,9.5,0.9942
1072,10.5,0.9938
1073,11.3,0.9901399999999999
1074,12.6,0.9904799999999999
1075,9.5,0.9936
1076,9.5,1.0004
1077,9.7,0.9946
1078,12.1,0.9902
1079,10.3,0.99716
1080,10.6,0.99669
1081,10.7,0.9938
1082,9.8,0.99382
1083,10.8,0.9931
1084,11.0,0.99216
1085,13.7,0.99026
1086,10.7,0.9920700000000001
1087,12.6,0.99164
1088,13.1,0.98966
1089,12.5,0.991
1090,9.1,1.0
1091,9.0,0.9955
1092,9.5,0.99551
1093,10.0,0.997
1094,9.0,0.9979
1095,9.3,0.996
1096,11.75,0.99072
1097,9.6,0.9955
1098,12.0,0.9912
1099,12.2,0.99074
1100,13.0,0.9891200000000001
1101,11.1,0.9916
1102,10.0,0.9932
1103,9.0,0.9977299999999999
1104,12.2,0.99235
1105,12.3,0.98992
1106,10.5,0.99523
1107,9.5,0.9966299999999999
1108,9.4,0.9954
1109,9.6,0.99495
1110,12.0,0.99026
1111,8.8,1.0001
1112,9.1,0.9986
1113,9.3,0.9953
1114,9.7,0.9979399999999999
1115,9.4,0.99692
1116,12.3,0.9912
1117,9.3,0.9961
1118,12.7,0.99036
1119,9.2,0.99416
1120,10.3,0.9937
1121,9.4,0.99711
1122,13.9,0.98711
1123,12.4,0.9914
1124,9.2,0.9937
1125,10.0,0.9946
1126,12.8,0.9915799999999999
1127,10.1,0.99555
1128,9.4,0.9930700000000001
1129,9.2,0.9976
1130,10.8,0.9938
1131,9.6,0.9928
1132,9.4,0.99985
1133,10.4,0.992
1134,10.3,0.9952700000000001
1135,9.0,0.9977299999999999
1136,10.6,0.9926
1137,9.1,0.99572
1138,12.6,0.99
1139,10.4,0.99976
1140,9.7,0.9948799999999999
1141,10.2,0.99546
1142,11.0,0.9913
1143,8.7,0.9988600000000001
1144,11.9,0.9900399999999999
1145,9.4,0.9968
1146,12.8,0.9886799999999999
1147,8.7,0.9985
1148,9.6,0.9948
1149,10.7,0.9920200000000001
1150,8.7,0.99825
1151,12.2,0.9902200000000001
1152,8.8,1.0001
1153,10.3,0.9967799999999999
1154,8.9,0.9962
1155,11.4,0.9925
1156,11.4,0.98946
1157,9.4,0.99754
1158,11.45,0.9918799999999999
1159,11.5,0.9945799999999999
1160,9.4,0.99898
1161,10.5,0.9928
1162,9.5,0.9982
1163,8.9,0.9961
1164,9.3,0.99775
1165,10.0,0.9956
1166,8.8,0.9991
1167,9.6,0.9948100000000001
1168,8.8,1.0011
1169,9.5,0.997
1170,9.2,0.9924
1171,9.6,0.9973
1172,9.5,0.9928
1173,9.0,0.9951
1174,9.0,0.9949
1175,10.0,0.9952
1176,10.8,0.99215
1177,11.2,0.99066
1178,10.0,0.998
1179,11.1,0.9941
1180,10.8,0.9912
1181,10.5,0.99444
1182,12.3,0.99172
1183,8.9,0.9956
1184,9.2,0.9989
1185,12.5,0.9894799999999999
1186,10.6,0.98985
1187,12.3,0.9898
1188,9.6,0.9982
1189,9.7,0.9958
1190,8.9,0.9986
1191,9.1,0.9934
1192,9.4,0.9937299999999999
1193,12.2,0.99119
1194,11.0,0.99185
1195,9.4,0.9976
1196,11.9,0.9900399999999999
1197,10.4,0.9944
1198,11.8,0.9905799999999999
1199,10.8,0.99226
1200,8.7,0.9978
1201,12.7,0.9898
1202,10.4,0.9968
1203,10.0,0.99475
1204,10.3,0.99293
1205,11.7,0.9901399999999999
1206,9.4,0.99856
1207,12.1,0.9911
1208,10.7,0.9928
1209,8.7,0.99825
1210,9.2,0.9934
1211,10.8,0.9921
1212,9.0,0.99911
1213,9.4,0.9964200000000001
1214,9.8,0.99572
1215,9.7,0.996
1216,8.9,0.9955
1217,9.4,0.9982
1218,10.7,0.99256
1219,10.9,0.9919899999999999
1220,11.3,0.9918799999999999
1221,10.2,0.9971
1222,9.9,0.9929899999999999
1223,8.9,0.9976
1224,11.0,0.99455
1225,10.7,0.9914200000000001
1226,9.2,0.9946
1227,9.8,0.9927
1228,9.8,0.99441
1229,13.7,0.98819
1230,9.8,0.9957
1231,9.4,0.9969100000000001
1232,10.7,0.99215
1233,9.4,0.9934
1234,8.7,0.99825
1235,9.8,0.9949600000000001
1236,9.0,0.9986
1237,10.3,0.9931
1238,12.8,0.9893799999999999
1239,10.1,0.9942
1240,8.8,0.9949399999999999
1241,9.2,0.998
1242,9.6,0.9976
1243,12.25,0.99044
1244,9.8,0.9942
1245,9.0,0.9956
1246,12.4,0.9916
1247,11.4,0.9907
1248,9.4,0.9992200000000001
1249,10.4,0.99546
1250,10.0,0.9958
1251,12.0,0.9924
1252,9.0,0.99625
1253,11.1,0.9913299999999999
1254,13.4,0.9898100000000001
1255,9.9,0.9968
1256,10.5,0.9929
1257,11.6,0.9921
1258,8.6,1.0003
1259,9.2,0.9959600000000001
1260,10.5,0.99382
1261,11.1,0.9912700000000001
1262,10.9,0.99126
1263,10.4,0.9934
1264,9.1,1.0002
1265,8.7,0.9974
1266,8.8,0.9964
1267,9.2,0.9968
1268,10.1,0.993
1269,9.1,1.0
1270,10.3,0.99239
1271,11.8,0.9958
1272,11.3,0.9919
1273,13.5,0.9889399999999999
1274,10.8,0.99645
1275,8.9,0.99556
1276,11.4,0.993
1277,12.1,0.9901
1278,10.0,0.9934
1279,9.8,0.9932799999999999
1280,10.8,0.9911399999999999
1281,11.3,0.9918
1282,10.7,0.99672
1283,8.6,0.9978
1284,11.3,0.99159
1285,9.2,1.0012
1286,11.9,0.9907600000000001
1287,9.5,0.9934
1288,9.3,0.9961
1289,10.0,0.99616
1290,9.8,0.9969899999999999
1291,8.7,0.9978600000000001
1292,12.6,0.98956
1293,9.2,0.9962700000000001
1294,10.96666667,0.9937
1295,9.0,0.9939
1296,9.4,0.9952
1297,12.0,0.9925299999999999
1298,12.3,0.9912
1299,9.5,0.9993
1300,11.4,0.9957
1301,9.4,0.9956
1302,9.633333333,0.99266
1303,9.0,0.9982700000000001
1304,10.3,0.9937
1305,10.0,0.9928
1306,11.8,0.9958
1307,9.4,0.99831
1308,11.1,0.9912
1309,8.7,1.0001
1310,13.6,0.98872
1311,12.4,0.9898
1312,10.7,0.9939
1313,13.1,0.98964
1314,12.5,0.99198
1315,10.5,0.9938
1316,10.56666667,0.9921200000000001
1317,11.0,0.99221
1318,10.0,0.99471
1319,9.3,0.9959399999999999
1320,10.4,0.9923
1321,10.2,0.99225
1322,10.4,0.9932
1323,9.5,0.9938
1324,10.3,0.9952
1325,11.0,0.99185
1326,10.3,0.9927
1327,11.1,0.9930399999999999
1328,9.9,0.9937
1329,9.1,1.00016
1330,12.0,0.99216
1331,10.5,0.9932
1332,12.2,0.9918
1333,12.7,0.99134
1334,12.0,0.9953
1335,12.2,0.9917299999999999
1336,9.5,0.9966299999999999
1337,10.9,0.9918399999999999
1338,9.7,0.99687
1339,13.0,0.9908799999999999
1340,10.8,0.9921399999999999
1341,10.1,0.9924
1342,11.8,0.993
1343,9.7,0.99418
1344,9.5,0.9934
1345,11.0,0.9924
1346,11.2,0.9923
1347,9.5,0.9951399999999999
1348,9.4,0.99754
1349,10.2,0.9923799999999999
1350,13.5,0.9901200000000001
1351,11.4,0.9912799999999999
1352,9.4,0.9935200000000001
1353,12.6,0.9903
1354,11.3,0.99234
1355,12.1,0.99274
1356,9.0,0.9945799999999999
1357,9.1,0.9986
1358,11.2,0.99026
1359,8.7,0.9976
1360,11.9,0.9918899999999999
1361,10.9,0.9953
1362,8.8,0.99779
1363,9.8,0.99382
1364,8.5,0.9971
1365,9.5,0.9959
1366,9.4,0.9951200000000001
1367,11.2,0.99474
1368,10.4,0.99464
1369,12.0,0.9907600000000001
1370,9.9,0.99436
1371,10.7,0.9943
1372,9.5,0.9972
1373,8.9,1.00241
1374,9.2,0.9964
1375,9.8,0.99445
1376,9.4,0.9986
1377,11.2,0.9907
1378,10.2,0.9946
1379,11.1,0.9912
1380,9.0,0.9958
1381,12.3,0.99234
1382,9.7,0.9944
1383,10.2,0.9937
1384,12.9,0.9918799999999999
1385,13.3,0.9880200000000001
1386,10.5,0.9927299999999999
1387,9.4,0.9959399999999999
1388,9.1,0.9964
1389,8.7,0.9948
1390,8.8,0.99975
1391,8.9,0.9996
1392,11.3,0.9916
1393,8.4,0.99429
1394,10.6,0.9959
1395,9.0,0.9986
1396,12.5,0.98995
1397,9.5,0.9969
1398,8.7,0.9984
1399,10.1,0.99229
1400,10.5,0.991
1401,9.0,0.9978600000000001
1402,9.4,0.99584
1403,11.5,0.9923799999999999
1404,10.3,0.9967799999999999
1405,9.7,0.99802
1406,10.0,0.9982
1407,10.7,0.9927799999999999
1408,9.8,0.9932
1409,9.4,0.9954
1410,12.6,0.99164
1411,10.7,0.9937
1412,10.8,0.99315
1413,9.9,0.9928
1414,9.9,0.9958
1415,11.4,0.9902
1416,11.7,0.9927
1417,11.1,0.99116
1418,11.5,0.9909
1419,9.4,0.9948
1420,10.7,0.9958
1421,12.5,0.9893
1422,9.8,0.99434
1423,12.0,0.9921200000000001
1424,13.6,0.9872200000000001
1425,12.2,0.98972
1426,12.9,0.98892
1427,11.3,0.99059
1428,9.6,0.9948799999999999
1429,8.8,0.9999
1430,9.5,0.9958
1431,8.9,0.9959
1432,10.2,0.9942
1433,10.4,0.99305
1434,11.0,0.9925
1435,10.5,0.9966
1436,11.5,0.99108
1437,11.2,0.9913200000000001
1438,9.5,0.9992
1439,10.6,0.9932
1440,10.7,0.9933200000000001
1441,9.0,0.9949
1442,11.4,0.9909899999999999
1443,11.1,0.9918
1444,9.0,0.9974
1445,10.5,0.9949600000000001
1446,10.2,0.9976
1447,11.0,0.9915799999999999
1448,10.6,0.99479
1449,12.0,0.9939
1450,10.4,0.9918
1451,13.5,0.9874
1452,11.8,0.991
1453,12.2,0.9907
1454,10.1,0.9944
1455,9.533333333,0.9950399999999999
1456,10.8,0.992
1457,9.5,0.99718
1458,12.9,0.98834
1459,12.5,0.9941200000000001
1460,12.9,0.9908
1461,12.7,0.9895
1462,9.4,0.9968
1463,10.2,0.9923
1464,13.5,0.9896
1465,13.0,0.99408
1466,9.8,0.99659
1467,10.3,0.99329
1468,9.0,0.9974
1469,13.5,0.9896
1470,8.7,1.0
1471,9.0,0.9973
1472,10.9,0.99225
1473,9.1,0.99956
1474,12.7,0.9899
1475,10.1,0.9944
1476,11.7,0.9927
1477,9.5,0.9969
1478,9.4,0.9986
1479,11.4,0.9925
1480,10.0,0.9941
1481,11.8,0.9901200000000001
1482,9.9,0.9928600000000001
1483,9.4,0.9986
1484,11.9,0.99095
1485,9.8,1.0004
1486,11.1,0.9924
1487,12.8,0.98867
1488,9.0,0.9979
1489,9.8,0.99659
1490,12.3,0.99067
1491,10.8,0.9897
1492,10.9,0.99406
1493,10.0,0.9944
1494,10.8,0.9905
1495,9.8,0.9921399999999999
1496,9.8,0.99513
1497,11.4,0.9913
1498,10.2,0.9948
1499,12.9,0.9888899999999999
1500,12.2,0.992
1501,12.1,0.9911
1502,9.1,0.99954
1503,13.2,0.98951
1504,11.1,0.9912
1505,9.6,0.9998
1506,9.7,0.9973700000000001
1507,9.2,0.9991
1508,9.3,0.9927
1509,12.1,0.99111
1510,9.3,0.9934700000000001
1511,8.6,0.9977
1512,10.9,0.99193
1513,9.4,0.9974
1514,10.7,0.9948
1515,13.2,0.98882
1516,12.0,0.991
1517,10.4,0.9928
1518,10.1,0.99235
1519,8.6,0.9942
1520,9.5,0.99582
1521,12.8,0.9912
1522,12.1,0.9901
1523,11.7,0.9906200000000001
1524,9.7,0.9988
1525,10.46666667,0.9921200000000001
1526,11.3,0.99139
1527,11.3,0.9917
1528,9.0,0.9929
1529,11.2,0.99066
1530,9.2,0.99792
1531,10.4,0.9945
1532,11.7,0.9939
1533,10.5,0.9940000000000001
1534,9.4,0.9947799999999999
1535,12.3,0.9907600000000001
1536,11.4,0.9917
1537,9.6,0.9979
1538,8.9,0.99976
1539,9.3,0.9927
1540,9.4,0.9955200000000001
1541,8.9,0.9959
1542,12.0,0.9918
1543,11.0,0.99326
1544,9.0,0.998
1545,12.5,0.9914
1546,9.4,0.99579
1547,13.4,0.98949
1548,11.4,0.9907
1549,9.6,0.9957
1550,10.7,0.9959
1551,11.1,0.9921
1552,9.8,0.9987
1553,11.2,0.99344
1554,9.2,0.99416
1555,12.1,0.99177
1556,12.3,0.9894
1557,8.8,1.0001
1558,10.6,0.99366
1559,10.0,0.99397
1560,9.5,0.9923799999999999
1561,9.1,0.99834
1562,11.5,0.98956
1563,10.4,0.9924
1564,9.5,0.9990700000000001
1565,9.3,1.0004
1566,10.1,0.9958
1567,13.4,0.98988
1568,10.0,0.9994200000000001
1569,9.1,0.9986
1570,9.6,0.9951399999999999
1571,9.0,0.9949
1572,11.6,0.9941
1573,11.1,0.99244
1574,10.4,0.99524
1575,9.3,0.9986
1576,10.8,0.9926
1577,11.1,0.99174
1578,9.1,0.9986
1579,11.3,0.9905799999999999
1580,11.0,0.99455
1581,8.8,0.9932
1582,9.5,0.9954200000000001
1583,11.8,0.9913
1584,9.4,0.9944
1585,9.0,0.9977799999999999
1586,10.9,0.99264
1587,10.4,0.99454
1588,8.9,0.9961
1589,8.6,1.0024
1590,12.0,0.9898399999999999
1591,9.5,0.9969
1592,9.4,0.9974
1593,14.0,0.9894
1594,10.2,0.9936
1595,11.3,0.992
1596,9.1,0.9925
1597,9.0,0.9982700000000001
1598,11.0,0.99615
1599,9.5,0.99755
1600,9.0,0.9978
1601,12.1,0.99
1602,9.9,0.9943
1603,9.3,0.9937
1604,10.4,0.9941
1605,10.7,0.9962
1606,12.0,0.99085
1607,10.0,0.9929600000000001
1608,9.9,0.9926
1609,9.2,0.9924
1610,11.8,0.991
1611,11.0,0.9925
1612,11.2,0.99185
1613,11.3,0.9913799999999999
1614,11.4,0.9911
1615,9.0,0.99808
1616,11.2,0.9913799999999999
1617,9.3,0.99198
1618,9.5,0.9927
1619,9.4,0.9962799999999999
1620,9.4,0.9934
1621,9.2,0.9932
1622,8.8,0.9936
1623,9.0,0.993
1624,12.0,0.99024
1625,10.3,0.99684
1626,10.0,0.9946
1627,10.2,0.992
1628,12.5,0.9902799999999999
1629,11.5,0.9942
1630,9.5,0.9990700000000001
1631,11.9,0.99064
1632,9.1,0.99976
1633,10.1,0.9938
1634,8.9,0.99505
1635,12.5,0.9902799999999999
1636,10.7,0.992
1637,11.0,0.99634
1638,12.1,0.9895799999999999
1639,9.6,0.9939
1640,9.6,0.9964200000000001
1641,11.9,0.99093
1642,12.3,0.9908
1643,10.5,0.9952
1644,9.4,0.99471
1645,9.7,0.99687
1646,10.5,0.9926
1647,11.3,0.9948
1648,11.5,0.9908399999999999
1649,10.7,0.9914200000000001
1650,9.5,0.998
1651,9.8,0.9930399999999999
1652,9.2,0.9933
1653,9.0,0.99808
1654,9.1,0.9971
1655,10.4,0.992
1656,10.7,0.99449
1657,10.6,0.9936
1658,11.0,0.99306
1659,9.5,0.9955
1660,9.5,0.9992
1661,9.5,0.9969
1662,12.3,0.99031
1663,9.7,0.99255
1664,11.8,0.9898
1665,12.4,0.9896799999999999
1666,11.0,0.99326
1667,9.5,0.9955799999999999
1668,12.0,0.9900899999999999
1669,10.3,0.9924200000000001
1670,10.2,0.9966
1671,11.5,0.9916799999999999
1672,11.3,0.9922
1673,9.0,0.99865
1674,10.2,0.9938
1675,8.8,0.9972
1676,11.4,0.9904700000000001
1677,8.8,0.998
1678,10.9,0.9917600000000001
1679,11.3,0.99093
1680,9.7,0.996
1681,12.0,0.9921200000000001
1682,13.2,0.9895799999999999
1683,9.6,0.9954
1684,9.3,0.99335
1685,9.3,0.9929
1686,9.1,0.9986
1687,10.8,0.9925
1688,9.4,0.9963
1689,9.0,0.99398
1690,8.7,0.9984
1691,9.0,0.99792
1692,10.0,0.9964
1693,9.1,0.9986
1694,9.1,0.99675
1695,11.9,0.9934
1696,10.8,0.99211
1697,12.6,0.9912
1698,8.9,0.9986
1699,11.7,0.9918
1700,9.0,0.9939
1701,9.4,0.9934
1702,9.5,0.9973
1703,10.8,0.9926
1704,12.9,0.9900100000000001
1705,11.4,0.9906
1706,11.5,0.9923799999999999
1707,10.6,0.9915
1708,8.9,0.9941
1709,10.6,0.9953
1710,12.4,0.9918
1711,9.0,0.99792
1712,9.4,0.99579
1713,9.0,0.9993
1714,10.0,0.9963
1715,9.3,1.00098
1716,8.8,1.0
1717,10.7,0.9932
1718,9.5,0.99782
1719,12.0,0.99216
1720,8.9,0.9959
1721,10.0,0.9956
1722,10.9,0.99406
1723,9.7,0.9984
1724,13.4,0.9914299999999999
1725,9.2,0.99736
1726,9.9,0.9934
1727,8.9,0.9986
1728,11.0,0.991
1729,11.2,0.9965
1730,11.9,0.9906
1731,9.9,0.998
1732,10.4,0.9919
1733,9.8,0.99795
1734,11.5,0.9924
1735,10.5,0.9963
1736,9.3,1.00014
1737,11.9,0.99
1738,10.5,0.9921200000000001
1739,12.4,0.9900700000000001
1740,8.7,1.00013
1741,10.0,0.99335
1742,10.5,0.9950700000000001
1743,11.94,0.99172
1744,9.8,0.99356
1745,11.3,0.991
1746,8.8,0.9966200000000001
1747,8.7,1.0
1748,9.5,0.9935
1749,9.1,0.9998
1750,8.8,0.99803
1751,10.1,0.9942
1752,10.7,0.9951
1753,11.4,0.9914
1754,9.3,0.9951
1755,11.4,0.9906799999999999
1756,10.3,0.996
1757,9.5,0.997
1758,11.0,0.9918
1759,10.9,0.9913
1760,9.9,0.9946
1761,13.0,0.9925
1762,9.3,0.9974799999999999
1763,11.6,0.98998
1764,11.1,0.9948
1765,9.3,0.99424
1766,11.4,0.9914
1767,9.2,1.0005
1768,11.5,0.99244
1769,10.0,0.9922
1770,11.7,0.99155
1771,10.4,0.99454
1772,9.2,0.9929
1773,11.5,0.99274
1774,11.0,0.9908
1775,9.75,0.9939100000000001
1776,10.6,0.9962
1777,9.3,0.99372
1778,9.9,0.9934
1779,9.2,0.9962700000000001
1780,12.3,0.99146
1781,9.3,0.9979
1782,9.4,0.9962
1783,9.4,0.9954
1784,9.4,0.99595
1785,9.1,0.99869
1786,11.3,0.99159
1787,12.6,0.9887100000000001
1788,10.5,0.99455
1789,9.2,0.99324
1790,9.0,0.9966
1791,10.6,0.9948600000000001
1792,9.8,0.9928
1793,9.2,0.9982
1794,9.2,0.99582
1795,10.15,0.99365
1796,9.1,0.9975
1797,9.7,0.9952
1798,9.3,0.99605
1799,9.3,0.9972
1800,9.3,0.9953
1801,8.7,1.00044
1802,9.3,0.9943
1803,9.8,0.9944200000000001
1804,8.7,0.9975
1805,10.0,0.9936200000000001
1806,11.4,0.9917
1807,9.5,0.99782
1808,9.5,0.9924
1809,9.2,0.996
1810,10.1,0.9952
1811,11.0,0.9939
1812,10.3,0.9965200000000001
1813,12.4,0.98964
1814,11.2,0.9940200000000001
1815,9.5,0.9990700000000001
1816,11.0,0.9924
1817,9.2,0.9964
1818,9.1,0.99741
1819,10.8,0.9922
1820,13.0,0.9895200000000001
1821,10.8,0.9958
1822,9.8,0.9928
1823,10.0,0.9968
1824,10.3,0.99334
1825,9.0,0.9932
1826,11.2,0.9916799999999999
1827,12.4,0.99129
1828,10.0,0.9922799999999999
1829,11.6,0.9921
1830,9.1,0.9957
1831,10.9,0.99074
1832,11.7,0.9939
1833,12.0,0.9921399999999999
1834,9.6,0.9975
1835,9.4,0.99475
1836,9.1,0.9968
1837,9.1,0.99482
1838,12.2,0.9911
1839,10.9,0.9937
1840,9.2,0.9993
1841,9.1,0.99869
1842,12.9,0.98892
1843,9.4,0.9964200000000001
1844,9.7,0.9944
1845,8.9,0.9961
1846,12.0,0.98961
1847,9.5,0.9952700000000001
1848,11.5,0.9934
1849,9.4,0.9932
1850,10.1,0.993
1851,13.7,0.98906
1852,9.8,0.99218
1853,10.6,0.9951
1854,9.5,0.9972
1855,9.4,0.9956200000000001
1856,9.4,0.9938
1857,10.0,0.9941
1858,9.5,0.9940399999999999
1859,9.0,0.99872
1860,8.7,0.9978
1861,9.4,0.9944
1862,10.1,0.9958
1863,12.7,0.9885299999999999
1864,9.2,0.9967
1865,12.2,0.9918
1866,12.0,0.9899700000000001
1867,12.9,0.9892
1868,10.1,0.9932
1869,9.5,0.9955799999999999
1870,9.5,0.9965
1871,11.1,0.9910399999999999
1872,10.9,0.9938
1873,12.6,0.9891399999999999
1874,10.1,0.99344
1875,9.8,0.995
1876,10.8,0.9929600000000001
1877,10.6,0.9962799999999999
1878,9.0,0.9986
1879,9.4,0.9937299999999999
1880,10.96666667,0.9937
1881,10.5,0.993
1882,11.5,0.99134
1883,9.4,0.9956
1884,12.5,0.9914
1885,12.1,0.9897600000000001
1886,9.1,0.9942
1887,11.4,0.9905299999999999
1888,10.3,0.9970899999999999
1889,11.0,0.9944200000000001
1890,12.8,0.9891200000000001
1891,9.4,0.9953
1892,12.9,0.9890000000000001
1893,9.2,0.9984
1894,9.2,0.9985799999999999
1895,10.13333333,0.9936200000000001
1896,10.4,0.9942
1897,10.3,0.9949
1898,9.6,0.993
1899,11.4,0.9902200000000001
1900,9.2,0.9990399999999999
1901,12.3,0.992
1902,10.9,0.9929
1903,10.2,0.9934
1904,11.5,0.9908399999999999
1905,9.2,0.99587
1906,10.0,0.992
1907,12.1,0.9909
1908,9.0,0.9964
1909,10.5,0.99665
1910,9.4,0.9953
1911,10.5,0.9918399999999999
1912,10.9,0.9920200000000001
1913,11.1,0.99059
1914,10.2,0.9944
1915,9.8,0.9943799999999999
1916,12.6,0.9908399999999999
1917,10.7,0.9918399999999999
1918,9.1,0.9936
1919,9.2,0.9956
1920,10.1,0.9938
1921,11.5,0.9945799999999999
1922,9.3,0.9929
1923,8.9,0.9958
1924,9.5,0.9958
1925,10.3,0.995
1926,12.2,0.99324
1927,8.9,0.9974
1928,10.4,0.9930399999999999
1929,10.3,0.99474
1930,10.0,0.9924299999999999
1931,11.2,0.9911
1932,11.0,0.9939
1933,11.2,0.9913200000000001
1934,10.2,0.9990000000000001
1935,10.9,0.9928
1936,12.0,0.992
1937,9.2,0.9989
1938,12.2,0.9935
1939,12.5,0.99008
1940,9.1,0.99675
1941,10.6,0.9943700000000001
1942,11.1,0.9912
1943,13.0,0.9891200000000001
1944,10.5,0.9946
1945,10.1,0.99266
1946,12.6,0.9894200000000001
1947,9.2,0.9960399999999999
1948,13.0,0.99031
1949,9.7,0.9975
1950,12.2,0.9928
1951,11.9,0.992
1952,11.7,0.98988
1953,9.0,1.0008
1954,9.5,0.9936
1955,10.5,0.99384
1956,12.6,0.9914799999999999
1957,9.1,0.9943
1958,9.0,0.99679
1959,11.4,0.9908
1960,9.5,0.9935
1961,11.6,0.9922
1962,11.94,0.99172
1963,9.0,0.9932
1964,9.0,0.99808
1965,9.1,0.99572
1966,12.2,0.9906
1967,8.7,0.99841
1968,10.0,0.99224
1969,12.9,0.98956
1970,12.0,0.9917
1971,8.7,0.99825
1972,11.3,0.9908899999999999
1973,9.0,0.99792
1974,9.4,0.99754
1975,9.1,0.99956
1976,9.1,0.9953
1977,10.5,0.9929
1978,11.3,0.9908899999999999
1979,8.8,0.9978
1980,10.8,0.9927
1981,11.1,0.99254
1982,11.0,0.9937
1983,9.4,0.99711
1984,9.2,0.99345
1985,9.4,0.9956
1986,9.0,0.9994
1987,10.4,0.9981
1988,11.1,0.9948
1989,9.2,0.9999
1990,11.7,0.98993
1991,11.5,0.99355
1992,13.7,0.9907
1993,9.0,0.9979
1994,12.9,0.98892
1995,13.5,0.9901200000000001
1996,11.0,0.99326
1997,13.2,0.98964
1998,12.7,0.9889
1999,11.4,0.9925
2000,9.2,0.99587
2001,11.4,0.9913
2002,8.8,0.99924
2003,9.7,0.9921200000000001
2004,10.5,0.9933
2005,11.0,0.9938
2006,9.0,0.9982
2007,9.4,0.99754
2008,10.8,0.9904
2009,9.4,0.9962799999999999
2010,11.2,0.99185
2011,12.5,0.99092
2012,11.0,0.99216
2013,12.4,0.992
2014,10.1,0.9913799999999999
2015,9.4,0.9955200000000001
2016,12.8,0.9905
2017,9.1,0.99976
2018,9.2,0.9963
2019,9.5,0.9940200000000001
2020,10.8,0.9914
2021,12.7,0.98916
2022,12.8,0.9916200000000001
2023,13.3,0.98916
2024,8.8,0.9999
2025,10.8,0.9965
2026,10.0,0.9937799999999999
2027,12.2,0.99156
2028,11.8,0.99065
2029,11.8,0.98966
2030,9.7,0.99898
2031,9.2,0.9980399999999999
2032,11.2,0.99174
2033,9.5,0.997
2034,10.8,0.99519
2035,9.0,0.99971
2036,10.4,0.9922
2037,9.2,0.9991
2038,12.7,0.9898
2039,9.6,0.9944
2040,11.1,0.9938
2041,8.7,1.0001
2042,12.7,0.9898
2043,9.4,0.9993
2044,9.1,0.9954
2045,12.3,0.9938
2046,9.6,0.9966
2047,10.9,0.99469
2048,9.9,0.9946
2049,9.9,0.9940000000000001
2050,8.9,0.99685
2051,11.9,0.9900200000000001
2052,12.5,0.99144
2053,10.6,0.9921200000000001
2054,11.8,0.99161
2055,8.8,0.9985
2056,10.3,0.99334
2057,9.1,1.00118
2058,9.5,0.995
2059,10.1,0.9937
2060,10.9,0.993
2061,13.3,0.9917600000000001
2062,9.6,0.9951399999999999
2063,10.1,0.9966
2064,10.0,0.99316
2065,9.2,0.9988
2066,11.4,0.9912799999999999
2067,9.1,0.99561
2068,11.3,0.9918
2069,9.2,0.9982
2070,11.4,0.9914
2071,9.4,0.9974
2072,9.7,0.99516
2073,11.4,0.9911
2074,8.8,1.0001
2075,8.9,0.9994
2076,11.3,0.9910700000000001
2077,9.7,0.9996
2078,9.4,0.9962200000000001
2079,9.4,0.9967600000000001
2080,8.6,0.9977
2081,10.5,0.9922
2082,9.4,0.9967600000000001
2083,9.3,0.9958
2084,9.4,0.9928
2085,9.733333333,0.9939100000000001
2086,12.7,0.9895200000000001
2087,10.1,0.9977299999999999
2088,9.1,0.9996
2089,9.1,1.0
2090,9.2,0.99626
2091,9.3,0.99534
2092,9.9,0.9926
2093,11.3,0.9915
2094,9.5,0.99684
2095,9.9,0.9945
2096,10.8,0.9946799999999999
2097,11.1,0.9918
2098,9.5,0.9934
2099,9.4,0.99855
2100,13.05,0.9882299999999999
2101,9.6,0.9954
2102,9.1,0.9986
2103,13.4,0.9896
2104,9.2,0.99577
2105,11.3,0.9930399999999999
2106,11.8,0.9932
2107,10.4,0.9957799999999999
2108,9.5,0.9954200000000001
2109,10.7,0.9948
2110,9.2,0.996
2111,11.0,0.9928
2112,10.6,0.9936799999999999
2113,9.5,0.9940000000000001
2114,10.5,0.9933
2115,12.8,0.9917600000000001
2116,10.4,0.9940000000000001
2117,11.0,0.9927
2118,9.6,0.99492
2119,10.8,0.9917799999999999
2120,10.7,0.9944
2121,10.2,0.99426
2122,10.6,0.9934
2123,13.1,0.9896299999999999
2124,9.0,0.99398
2125,13.0,0.9892799999999999
2126,9.4,0.9949
2127,11.0,0.9940000000000001
2128,10.8,0.9941
2129,9.2,0.9991
2130,11.0,0.9912
2131,10.7,0.99216
2132,11.4,0.9914
2133,9.0,0.9977600000000001
2134,9.2,0.9931200000000001
2135,10.1,0.993
2136,11.2,0.9907
2137,10.8,0.9938
2138,11.6,0.9938
2139,12.8,0.98944
2140,11.63333333,0.9912
2141,9.7,0.9962200000000001
2142,9.3,0.9981
2143,10.5,0.9917299999999999
2144,13.3,0.9894700000000001
2145,9.7,1.0002
2146,9.2,0.99626
2147,10.9,0.99244
2148,12.6,0.9896
2149,11.8,0.99161
2150,10.5,0.9972
2151,9.2,0.9996
2152,12.3,0.99226
2153,9.8,0.9953
2154,12.8,0.9916200000000001
2155,8.7,0.9975
2156,9.6,0.9930399999999999
2157,8.8,0.9944
2158,10.0,0.9952
2159,12.6,0.9909
2160,9.3,0.997
2161,10.0,0.99208
2162,9.3,0.9978
2163,11.5,0.9915799999999999
2164,9.3,0.9961
2165,8.7,1.00055
2166,9.4,0.9983
2167,10.5,0.9931
2168,8.6,1.0003
2169,12.8,0.9911
2170,11.4,0.99305
2171,11.0,0.9927
2172,10.0,0.993
2173,11.4,0.9908
